le21_0,le21_1,le21_2,le21_3,le21_4,le21_5,le21_6,le21_7,le21_8,le21_9,le21_10,le21_11,le21_12,le21_13,le21_14,le21_15,le21_16,le21_17,le21_18,le21_19,le21_20,protein_id
0.08596264256820701,-0.4787315802581224,-0.03144766879958777,-0.20643578360068898,0.3615034952627937,0.33896846858724455,0.5776575037153041,1.0299928561635612,1.6440099373258819,1.6349737592535853,-0.4685171980430266,1.0707382010524455,1.020095535568389,-0.03623365244359266,0.6268428417174967,1.5976949136551455,-1.9920151447713754,0.843085416245995,0.42695502124266793,0.02379925957728129,0.16914056290996368,P02768
-0.9018343608602251,0.1733681762803852,0.6625531729318402,1.6016101179134095,-0.08430893160630529,-1.0263437313102688,1.101509920540134,-0.28013559970400376,-0.7135909529015476,-0.1626067557825424,-1.819723326091873,-0.0920699295533035,0.6062948601790209,0.35357925081944064,0.45386377916787973,-1.365198572447712,0.6518673401728458,-0.1252514427838677,-0.23183417104728046,0.8603024272572593,-0.3838875594354937,P01871
-1.0723351682507092,-0.9526997967193729,0.22662393838066788,1.1432023543853878,-1.38130789030896,-0.4618341904617224,-0.4018159208208935,-1.0130829364638492,1.1275487464819334,-1.1088221991071043,-1.883762854107881,-0.5617819453651148,-0.4034926979424491,-0.7742197980657853,-0.8854690672143178,0.41203396358827304,0.6477729656652832,-0.744264997131625,-0.8700092243459912,-1.0915248614012112,0.9106009585545742,P01876
-0.32028973757199464,-0.2928369382572055,1.4168242659370078,0.8245623620968214,-0.8087842262591435,-0.044070581636307615,0.5406057680115642,-0.3104012977890068,-1.3927287796400551,-0.017601005909018582,-2.0268454150992845,0.6066901339877764,-1.2689468567663273,0.13382620725470712,-0.5279071635984852,-0.0344970420174501,-0.930488338697287,-0.056418653102196764,0.7460842694815968,-0.276011074058964,0.07155006182305891,P01877
-1.9177638079820467,1.754009073896978,1.3077003316872737,1.2139996362278929,-1.5588588381664048,-1.175796918883493,-0.36886339564287546,0.5035441917514623,0.9895258010067408,-2.619488563777301,-0.6517533153363001,-1.3236927659653082,-0.6964889848244257,1.0349820532043723,0.9850766243467562,-0.5501813319772924,1.137637413930854,-0.3391657021676521,-0.48347691362015227,0.5612873230167045,-0.9496762128873016,P01857
1.6125603657976548,-0.7688897166683875,1.2326084270802284,1.4380515634063868,-2.5110118374195305,1.232378134061389,0.09357114459189661,-0.2906131861379255,-1.2355221217125982,-0.23132988724568107,-0.835368688785826,-0.9795372191940568,1.653185118287458,0.3991513847272357,-0.7639466846374667,0.28806639827085706,-0.5898661976233444,0.9663137536791673,0.41770119302134556,-0.04009326614714188,0.07204544397560608,P01859
-1.5358288810608445,-0.24107338375402984,1.306375560525053,-1.0173635571590007,0.8874493597081771,0.7096185657126843,-0.6104187445545411,2.547561180822889,0.3485908157826205,0.20945083874336207,1.0630680747735133,-1.9788094649109573,2.3051482106287913,0.20138328929795576,-1.1507154277848595,1.7707902256643038,0.5413744703640093,0.48722685196830573,1.2165497941132561,-1.6858517338744075,-0.3234669831912658,P01860
0.8055531500223521,-0.1385424071369095,0.023251372747521797,0.4590761343619138,-1.9992606487233275,-1.2085581376259353,1.1581876244138265,-0.6671828488168617,-1.635334111236652,0.031920656419040856,-0.25906802632184134,1.3206676219379705,0.22100478413387462,-0.2948640905605718,-0.3135113508402886,-0.19419511711048157,-0.5018953577080154,1.3691962289814588,0.24401653655397507,0.23361935451446775,-0.6719324100994879,P01861
-0.5246455559217484,0.4866572442332136,-0.5657369251672362,-0.8832416844816526,1.572993415776887,-0.6208485871392879,0.44620086239313506,-0.1239911486528935,-0.09328580602288097,1.0996500215271907,1.941034161634846,1.0780315515909855,-0.8023740234796176,0.1651496741860331,0.7428434437733195,0.6009464260418295,0.10874927921435809,0.6162933990833568,-1.7662969857551092,-0.11380291475122653,0.07784115047461161,P0DOY2
-0.9185647641161288,-0.6495255184568015,1.0880440166441492,-0.5128945950211297,0.22910708394313112,-1.5051673617126222,-1.210389005026107,-2.29302672351784,-1.2599630877359456,-1.2813282120473106,-0.2573150551774448,1.1646442741496383,-0.3038984928277556,-1.4790126367004073,-0.8888628951854484,0.8618454728980954,0.18925743662412095,0.16891462427069062,0.5750371929029673,-0.7020231117559268,-0.5091342516376054,P0DOY3
-0.6025014365963688,1.2012211172792533,0.3017199905780875,0.4383933320634613,-0.7295491012103763,-0.777321988722904,0.29824370121550847,0.6410665776301334,1.468744813128517,0.49678071202374324,0.8558697738390924,-0.22700034096261618,1.1779652919615031,-1.2087529786596338,-0.6008018827542125,-0.08557094123158081,-0.2993996770099554,0.12203156797480275,-0.7482309512685755,1.1758105661662925,0.35419036054859215,P01619
1.483074000414859,1.7594532849925435,0.380910373939774,-0.6401085824559672,-0.05816021865081036,1.9447443645082774,-0.18000532158868165,1.7751775786125155,0.45980981078744565,0.24052827204432609,0.17917144377690447,0.278727611348176,1.28480045573775,-1.0619323032224322,0.5065958373321715,1.0488800566294403,0.5068487921898086,-0.6459456247234934,-0.8549710731106308,-0.8919288526403926,-1.0415178881892815,P01766
-2.2950242474824165,1.8315890432323765,1.7844618747446868,0.8719274654337137,-0.7080760034561852,0.8426231163249996,0.16501873048362065,-1.4118900521233202,-0.450575929844413,-1.4064402579925483,2.192139267474311,0.20885756557723248,-1.4688538144155716,-0.19693195802150482,-1.7939186875012096,0.3064761462429919,-1.6516454947806927,0.5488926473413881,-0.226565612044655,-0.4381931241720194,-0.36568501359952627,P80748
-1.6653808947417008,0.8776527334152978,0.0649546210068351,-0.970693145594915,0.20149641854166936,-0.07018836695399419,-1.8610315260241002,-0.8183041730980217,-0.08352888727661524,1.461427744263754,-0.17052291778940165,0.5078602601327307,0.5797966513506858,-1.492639801910516,1.454306489862057,-0.07831799505550961,-0.392002844133369,1.4505006973011896,-1.4677694781360247,-0.1561349454884145,1.8463728219695714,P01764
1.2179358470182302,0.6100727992740208,0.9205253308567584,0.23685921069302843,-1.9048413138272506,0.2666475713898478,-0.3172036499668155,-0.6435879463540841,-0.04185882682069654,-2.303494077875293,0.33915826421584044,0.4964199825017691,1.1225671419519736,0.690679414111239,-1.7347249824153845,1.3080118200406174,2.0753936535739403,-2.036536875792059,0.1033089017240645,0.2684279139855701,1.0524523442401261,P06312
-1.0814374685350108,0.6786433238969158,0.40157891272968305,-1.3566467218580587,0.3851500924509163,1.5732881635618683,0.6046071317829773,-1.3167434784182246,-0.023926115167260658,-2.1783016494039296,-0.41691456982835723,0.1257377934517327,-0.2173016253366948,-1.866396353171614,0.10336426195950091,1.9175980679783649,-0.14273488813474502,-2.230169419472081,-0.31744959733133893,0.07134965720557722,1.321170128101986,P01593
0.680229280743296,-1.2851511568454363,-2.013023242470319,0.5373380729196368,-0.26521048271783076,-0.2838321130726472,0.17008427027726108,0.20700093960810748,-0.21292797102467453,-0.9321850303799072,0.3877106902014815,1.315676805030731,-0.3293792238153507,-2.549624515726609,-1.4857489868319218,1.8346547468937497,1.4705822851435997,0.008844558487724077,0.4154517099302227,-0.24464345107423816,0.6347553603388083,P01700
-0.28127420265363007,-0.12450963341965111,-1.387316883192837,-0.03472510257581998,-0.5955127253298655,1.5605687815836162,-2.1556548342397286,0.06162897138297329,0.01346266965946558,-0.9880530016007512,0.3812769276684642,-0.3788016091864941,1.8866258319283529,0.35898775961417884,-0.6518634820273178,-0.47209383821881695,0.5147678379596539,0.02676493121688472,-0.7660049005594627,1.3463467301840901,0.7191022128702099,P01599
0.4165140448998358,-1.5862052215478153,-1.3662144991312068,0.6542797358922962,-0.6967292624537013,-1.1414980421383678,0.6993421371649542,0.6652721851449072,-0.5923558684579163,0.5656614933934248,0.8872951781439901,0.0277822174067889,-1.407755178008936,-0.13418618297870016,-1.1447449774684884,-0.625362856553353,-0.6295573795606594,-1.4062765116903937,-1.4832040579678853,-0.6825450481939608,0.1096244546442082,P04433
0.18145705127377532,-1.1129919193210727,0.6633810895770196,0.8499713510396694,-1.2579333967424675,0.31209028569447306,1.8192699886953723,0.21130906063279623,-0.2848238241779749,0.553438800139028,-0.03448663203646524,-2.2311622952517243,-0.41893794888298896,1.0872360517073667,1.4363740598537216,2.3859852758522906,-0.6139898308570253,-0.2708069925601842,-0.24404718222896987,-0.4733479308267683,2.2337421084936016,P01701
-1.188385454072978,0.9539351091632792,-0.5860200161790232,2.1998544084517317,1.902581432796335,-0.04423192112120334,1.0417815273344522,1.1817157190158807,-0.28976851374680795,-0.26574874630901224,1.167015183373129,-0.23683405984373496,-0.3538496263324982,0.5307100257329906,-1.0555000794642475,0.4015040139240392,0.8347083250823372,1.931720494564125,1.0568381282683863,2.0275188941327165,-0.522442838022054,P01615
-0.4305178975100582,0.28274357874833733,1.9349289451233933,0.7296237934117343,0.06851171102988307,-0.689039508657188,0.22704942252376598,0.7112211665518733,-1.675076196156395,0.19884476466001563,-0.8628897570585374,0.3951123453010004,-1.3202781485954813,-0.8308567596384542,-1.3754782954503315,-1.4970009481974722,-0.5151366523420705,2.0056560095866973,-0.7179742038735599,-1.7541701425185412,1.137107441552479,B9A064
-0.9137133000754426,2.037748748574261,0.3385747391061733,-1.5088994207440785,0.46297072659260163,0.82337396726068,-0.6408664754476663,-0.47965670936414007,-0.6871049157507587,2.2045174437233666,1.004784550268073,0.390627004369661,0.3055674073078099,-1.3144047905111291,-0.14219825792486931,0.2709944255558805,3.0884658756346473,-0.4704694217306334,-1.2449927457133039,-0.42840691386061364,0.24905218676144114,P01591
0.30630564490120404,-1.4570289165956507,-1.0957465456351454,1.287368989440165,-0.7329970591250189,-0.6834240319330152,0.07127239044503127,1.6193443482929941,-0.4542963513263187,0.5450162416590518,-0.7893088121774411,0.9765054154181662,0.19236484340915525,-1.7644763445190932,0.3141884128334158,0.5458052423030573,-1.690710486949282,0.7455166522309382,0.7114968710220618,-0.224796614777162,0.08490061870317454,P02647
-0.627859959668687,-2.0333796277512817,-0.32240567979055407,0.9293455237457339,-0.4565259056861795,-0.5643266561105833,-0.429782395154065,0.4827508519908071,0.24650846327818923,-1.23262163018716,-0.10117717649973483,-0.18363496038676172,-0.09132672764336866,0.13224191984259484,1.099269999514134,-2.768026428023219,-1.2768952892677763,-2.4768810238491406,-0.6690883638055497,-1.4985637846609259,0.4676755899569206,P02649
-0.8834788864590818,0.9988093526151707,0.6995573129211813,-2.0335303218352414,-0.6691204681951194,-0.23354253030754252,0.6609267301259905,0.3045459064015065,-0.7985425202618462,0.4324698405554092,-1.533918789424285,-1.1710157482778434,-0.5452827861030377,0.3320982962892889,-1.0721258674245697,-1.4975049694877771,-0.3979236237669725,0.46862873220829526,0.8104946547858536,0.324373998246938,-0.31937981029540585,P08519
0.3549588058150051,-0.26528258823544715,-1.7208536604838103,-1.2163137651003617,-0.3956378327120607,-1.4336292708489153,0.4643324718261011,-2.638623884725608,0.6799450927060797,0.2897165788152073,0.5580002681468935,-0.7112473451694991,0.3982627777288798,0.6461334531045796,-1.0309236782179025,-1.616411390890469,-0.6336560024597269,0.03203457148816789,-0.9188956452221703,-0.46015793378545233,-1.8424905490518255,P02652
-1.991260436014419,-0.5808639864986485,1.3381868489059106,0.2609090509438395,-0.902522460409712,-3.0461602960327037,0.15518738556025205,-0.9368918341238753,1.4028797210934802,0.5653161491027686,-0.08653353897025776,-0.2435092734346062,0.9680271551588314,0.06061964616937125,-2.179156475236738,-0.7332571720162439,0.4698127949783446,0.594307136081751,0.1459126061116241,-2.378085301098604,0.35419706168671106,P06727
1.6827623714751834,0.027082087282932404,-0.5102929214873877,1.955553496256072,1.5908339939880463,-0.8401495650176944,0.30121460136126776,0.11594451169372891,-0.5928595060745878,2.34116473184693,-1.2789889016559532,0.7762061896216043,-0.552746442176231,0.15941081459108083,-0.9107464139826112,-1.5750209890843194,0.4201948046901242,-0.27789486783040857,-0.8612740295188718,0.7818850731990608,0.6367091022299671,Q6Q788
-2.307263829042899,0.5607454289983355,1.677684009348668,0.19372274712062623,-1.4452776024075138,-0.43679602312242466,-1.8001841167588377,2.250135128710276,0.10376018985442619,-1.4066462244670348,0.4477993584757318,1.1491628203279172,0.3318134586962203,0.07725044947342671,0.2802067582868912,0.3977414608688614,-0.13129489441940828,1.214243320563029,-0.3618064552515397,-1.0947756663566723,0.9089608287482195,P04114
-0.964252911343761,0.5855119117356806,-0.10168953220765213,0.9264592432267448,-1.5190064229082252,-0.679159417660904,1.2181006177787161,-1.5397789577734797,0.68657961424059,-0.3889478969120764,-1.220692058736378,1.0076739432190165,0.08766741423099268,0.7738429013456449,0.5440521249725868,-0.6476459090939387,-1.508471083175053,-0.05709068180682169,0.6936296250837863,-1.5684422850772128,1.250272566374707,P02654
0.9829523826713346,2.455741077380701,0.5494145726212257,-0.01798545466153871,1.8385603775196537,0.5074715350220899,0.28265149706860054,-0.6400934223456002,0.17831528033454352,-0.4014285289175226,1.0672482977462132,-1.4680529371129127,0.31574140450824223,-0.21270002385093326,1.4971093967744524,0.32261009730918416,0.18890322548951738,-0.4460413104629636,-0.45339797382682545,-0.6819885948157781,-0.44068801854078643,P02655
-1.026959923449559,-1.1273703659875522,-1.2444813368485963,1.093271580534788,0.04951952345815486,-1.4167182704225796,0.08709716800259171,-1.2990210606944854,2.2344281790824625,0.14668688537153912,1.0924051499913505,-2.7970935836866335,-0.5343053332587963,-1.5042041679119502,0.09568536685193418,-1.3526939447103223,0.10833195525519182,-0.6551699892643733,1.5023210084136804,-1.029167813912699,-1.198105922181173,P02656
0.6633350407432722,1.4187114856041867,0.610057725022984,-0.420957706018815,1.5898022948428439,0.1925561599370778,-0.0950921428219964,1.8078008355689148,0.5049407125589215,0.6866538727446494,0.6496079804700583,0.840711196751305,1.4149449132641057,-1.0703829949071748,-1.1225560149067213,0.6059963683575007,-0.39604534572552785,-0.38108175707340186,0.07111824720142938,0.5325442311650116,0.546323438610526,P55056
-0.1865400709120757,0.3315982797121833,-0.962429266578762,0.1703371625525078,0.4116879361286949,-1.1935915602206022,0.9451405970409652,0.16074197289714867,-1.0520026045839355,0.21435969370018298,1.1006823052452275,-0.9201531281621697,0.9081274583440438,-0.3910915907914176,-1.4183896565832628,-0.8193745488906806,0.7998084248264377,-1.7092860274484267,-0.5040182634698991,0.3392467126691224,-0.18205591595864873,O14791
1.2112212246549388,-0.005931871304636441,0.7679748835962971,-1.1307252767355938,-0.7622105162035898,0.9403146128121702,-1.2829450099188096,1.1301785140935392,-0.0819359020228349,-0.6367641380428802,0.5670614349426372,-1.1211836716208547,-1.0451107598146712,1.0771329338669668,1.296859365490456,-1.44557337898687,0.42367376668616474,-0.9181748590726041,0.6687023750676372,-0.1427688283628907,0.3424283811585806,P05090
-1.8248850710097202,0.28366390673220687,0.5076035625575372,-1.542274754140861,1.3104751985584209,-1.3918094287045664,-0.5304792140750411,-0.5530647704952194,-2.0055788991433974,1.1520198966456603,2.544101793627028,-0.021189849282237598,-0.17345653203803488,-0.547506219783696,-0.5723433192283246,-0.5362224579905658,0.05649137720214133,1.5644388987068687,-0.9519061120606697,2.573685734944621,-0.35544289484558195,O95445
-1.1988985661923994,0.7491250056197879,0.09240546615462648,-0.6870844351908958,0.9508682914211224,-1.6871169278574452,0.07678419852355134,0.3697632669970555,-0.3085628647806765,-0.9883350614401363,0.9319429165619477,-0.9642225988241524,-1.0125019322828688,-0.6904165256612916,-0.1931070533963038,-0.6245047522871041,0.15129629112484722,-1.4709543740027031,0.638036028089022,-0.06196673859527229,-0.7988686449103088,Q13790
0.3859072361240866,-1.3521289089524708,-1.5672834728409417,-0.8713600722398935,-1.2399108044969847,0.6308763137594051,0.3638223594260538,0.30188515187152637,1.0258884386810891,2.576912882054305,1.0147722390899638,-0.4736943516024356,0.9688566021925633,-0.42325962924396787,0.22186071002176355,0.7339541950016412,-0.8961797225753381,-0.19498577145704507,-0.2269333319154577,1.9311857139521573,-0.12403135064822239,P04004
-0.5035707726627899,-1.9319195876223405,-0.5810084719821303,-0.381939804772582,-0.42924204443368913,0.611178930930877,0.7211006326055065,-0.3074703759311272,2.4809228667652388,1.1429230141314188,0.9475779775497972,1.278573836665686,-0.04343254034440171,0.9372928636168748,-0.4864958439390998,0.16967020631053523,-1.5910264473096292,-1.194720879779677,-0.45427063155566516,1.3837950142818307,0.03668585087547299,P10909
-0.3992322322144455,-1.5257554390959718,0.24380843408638994,0.6507653677921555,0.22053097137375768,-0.07459207728370337,-0.6576818877379209,0.9957087880692757,-1.5269672112971193,-1.4181443476076419,-0.0501328099397144,0.5190782273944903,-0.16344798032259125,0.1524617097911092,-0.6227305411114819,-0.13446076169067736,0.34170297614497747,-0.8405313811853464,-0.02000577432115988,-0.12245972134140994,-1.6362141515504276,P01011
1.2106644288326716,-1.2859868610011116,-0.24758166203667764,2.3942040658940495,1.726633571794124,0.02948144637960416,-0.5808444931611751,0.34960136456967206,-0.6019589387077932,2.531172737976852,0.22389514809472905,-0.9451649891508822,0.4877891652055455,-1.6554766642514187,0.09511860972187507,1.0247079141194368,-0.6834413087757697,-0.9097488871333081,-0.9774359177669605,-0.7031179412870529,-1.9786169226576416,P00734
1.3067790341988215,-0.7495488965426749,-1.3632949996094068,1.6530320275063897,-0.013394503339340249,0.6362404277633208,0.0685997859638954,0.779004192713855,0.8792371590230559,-0.11037657724653914,0.6221289985005176,0.6915513607748208,2.2198350565755147,-2.2867650433920406,1.0503451346841135,-0.6631256068556541,-1.3029142567190293,-1.3488604483245072,1.1620171779203772,2.1369208144166274,-0.27798458716090974,P06396
0.9970609550783613,2.3390283342813167,-0.5830351874823437,-0.7863310240866712,0.5933482886999453,0.3323635399024278,-1.0292306606396713,1.186038303114187,-1.4959468368522302,-0.24284189394555328,-1.124775654892447,-0.889450263033597,-1.8100174799196271,0.13454255569366683,-0.6152914223297968,-0.03668492448133224,0.0188563203471173,-0.32878232286085496,-0.0484157510343633,-2.245725629211764,-0.06126498617407516,P01008
1.3708217603966952,0.5130746335204138,-2.1894276843491007,1.7075370290768945,-2.993181133491672,1.459026019441633,-0.6453395768873778,-1.8361085045963395,-0.7605242542006576,0.6082812438941397,-0.18276699745345923,-0.31642548133923715,0.37628885784612937,-0.354727152908305,-0.932595814098771,-1.4427689564310537,-1.3355289291988868,0.7552316837775177,-0.34455326661770125,0.7827291266965188,-0.34582734529589626,P12259
-0.6904124292345905,2.5634390769894133,-1.1739869045988967,0.1688680410975632,1.4397697657389814,-0.17132282152767245,0.0023369414646515615,-0.7441311756286194,0.6868985155533689,-2.495387979063941,-0.3875797013095715,-0.31903984863751006,1.3701609112947624,-1.9017189552803597,-1.6165992926725579,-0.5519617854400782,-0.6804923704427527,1.4517547571363725,-0.4861647765942581,0.863208588356099,-0.9474807334550907,P00740
-0.5255232494801472,0.19490476024806827,0.6220497250296908,-0.5422830871404143,1.0314578112001922,-1.4016417540798354,-1.7766819254847888,0.07820359749795586,1.2476315119069405,-0.1672012643037643,-1.4342818924837444,0.6531429513371572,-0.5710747527089935,-0.4297004592049554,-1.2629612578923495,1.1935948958884828,0.9289060720677966,-0.90378685736777,0.16593170723426656,0.2996473590683314,0.31901007908759105,P00742
0.7242520595804873,-0.2842505864578483,-1.5395851216671022,-1.6167781384222004,0.9057617460098121,-1.6211258093230745,1.2406022452685852,-0.3061711163270118,-0.6931215524737359,-0.8374896303747267,-0.9001594246133507,0.8850039047925347,0.7894318655900694,-0.6191661892321825,-0.7600147121950467,0.2867318094912625,-0.1388805232722187,-0.6318884959065236,-0.8865941033751967,0.3762010417828177,0.9040132294573283,P03951
-0.7096610871766844,0.7150087024386506,-0.22744336889771408,-0.18077346911093475,-0.5609742142482179,-0.3543346176984319,-1.3545248041448754,-0.9051002030475103,0.332805180165039,-1.1960167818283034,-0.36554442251570174,0.7401516811989273,-2.1451204078472665,-1.008399832857234,0.9192999244461716,-0.20660570851247853,-1.1724584298555136,-1.5755161120204257,-0.2288536858719971,-0.31835009983533397,-0.1584563288739813,P00748
-0.12928777659456375,0.31742090828479425,0.013765282490361097,0.07429171624666633,-1.4405655072037917,-0.32322550331728195,-1.1064049504597646,2.1631441235500115,0.03614833726285956,-1.1708773509416952,-1.080433965637907,-1.7531447090890149,-0.7173222986665809,-0.23486944500216403,-0.5497880997981439,0.7095797115081347,-0.3023455243187043,-0.17633563756760828,0.5951747712486282,-1.3564676166308949,0.3226179245890461,P08709
0.5502784758346555,-1.49521231680327,0.19557493224686467,-0.20250689199649616,2.2691569289750864,-0.2430899064261443,0.856830455915514,0.41982839478533307,-0.7566469681688099,-1.5530340096162472,1.0747712813262833,0.3561318662408715,1.1211382548909798,-0.1254828617214789,0.26703094984671344,-0.04759362773294351,0.7587710357620643,0.15550350729353976,2.189826554211956,1.4525281751468258,-0.6941225943050494,P00488
-1.2867885766415705,0.7492459481310887,-1.399737661029485,0.24113086786330726,1.881469739921883,-0.2871964002387657,-1.3927384915887797,0.2955899321960251,0.5887038674138692,-1.5768431942534669,0.7087661649789158,0.43106977336207736,0.7233236186039904,-0.9110170618989526,-1.2257555790204013,0.2950119867432275,1.2240874436297409,0.22563192568575863,2.9460208714353273,0.8686949919065631,1.070659506912178,P04264
-1.8461815700580737,-0.3987981382156424,-0.16184589418988285,2.3573317942125613,0.9322088562850799,-0.24131735214497793,-1.034888998815291,-0.12437047864666438,1.3796826108925264,-1.172607198980426,-0.33338344574037904,-0.00631041846173521,-1.5061185824129826,0.4553064493533275,0.3215032400371156,1.1468990620339403,1.4574418907085447,-0.017095583069741616,1.441320942666197,-1.0814387700428851,-0.16859393742404757,P13645
-0.8777619589140241,-0.5445490850021283,1.2991980666974785,0.2565470134175298,0.8898944805772826,1.3270942379239874,1.9826371230788813,-1.1993222038034903,1.0729309241433593,-0.25366398071958157,-0.1278496064103983,1.5948252343011207,0.3033717839781095,-0.21115679654971742,0.24229276172679587,-0.06069850206940727,0.15666248917578532,2.178829273555896,0.6888036243941973,-0.6784664061742499,1.5281280848244363,P35908
-0.5499287927915889,0.12167064896401163,-0.2647779839630763,-1.0048117561351702,0.5097819594755566,-0.9331481779223587,1.5990010990934853,0.8250691798306659,0.12562177121710824,-1.476802511457188,-0.2773969926564651,-1.8951658501559543,-0.554958295791084,-0.558614877150812,0.42086865099615084,0.04534771040263,-1.4123809605723734,1.3524680350444573,-0.04795285126923492,-1.2466992916720383,-0.5908717212932904,P35527
-1.0637592122561585,-0.5257873383459815,-0.3387304149833216,-0.7625136671466841,0.04224196055287446,0.08679952265323843,0.14585724219275992,-0.671561342939027,1.572581052009254,-0.8977690938357066,0.12662063231149734,0.273716846191413,-0.9917611571758502,-0.6738296658199787,0.1456351389994882,0.5197273295254065,0.08437101066902195,0.12250618716667087,0.6698771838831141,-1.4477031902528539,0.3037030032081309,P02533
0.43941155223782946,0.0066751405159466174,0.7240157341050719,-1.2215010662977384,-0.04017057684385208,-0.7998535643095178,0.3064423133246733,-0.37622781162478386,-1.5566937316778973,-0.05062358413103655,0.5351678050253178,-0.006148480146344419,-0.3724050690637251,-0.6291552401896846,0.9722517326181354,0.45066723473191955,0.8630231513182572,-0.31774447167672526,2.416125516866259,1.2444462222169765,-0.5513876211184445,P01009
0.7645869611944887,-0.2655434715984134,-0.19792333382705704,1.0256569233079267,-0.2936109881982395,-0.1737674169166044,1.493588493226774,-1.3470958909779023,-1.1573053580413604,1.4059116772313784,-0.9643913021255914,-0.7346464585424688,0.2633894879487347,-0.9792883874865699,0.29455016126071665,0.022972548967795926,0.3402239254413185,0.5025475782084242,-0.271992660914206,-1.4081023867705704,-0.218048904904712,P01042
-0.8363545997000088,-1.552800623633841,-0.008711542851624655,-0.4073738427748752,0.5580129621822031,1.5077396441392248,0.9777235871490721,-0.7816228984244343,-0.6754160684316632,-0.5064157754384685,-1.4500225398537625,1.2075050540408174,-0.6418272014122066,-0.06515076834718762,0.14779257627202658,0.7690293426342865,1.6866705087700653,1.4898928360424086,0.190168272590593,-1.4838055168339153,-0.9315442268229548,P01023
1.4371595580722831,-0.1527182885508068,0.6889002382007,0.34021510596559157,-1.6044945912406805,-2.3759812418581454,0.7463090515742049,0.6938874439175253,-0.9004131800476057,0.3103763451692887,0.10842981517684659,-1.0984361903532311,-2.1417830051717726,-1.6604426242652637,-0.5405445888967729,-0.095498746752579,-1.540932833744871,0.8449280284162871,0.7134654422196833,2.0374175040611737,0.12875101688856852,P04196
-0.5989114744852341,-0.3003123393222199,0.8293950169539447,-1.789058582949266,-2.249542487968964,-1.3276871228800935,-0.6664328089079888,-0.06955830685556699,1.7014024321373025,1.613026438530668,-0.4912979269743683,1.2245723755351268,-0.15024367545527637,-1.3827954467382366,-0.6699611429300809,-1.2781359029045454,0.4676451203850845,-0.1086030063514418,0.6291266403948212,-0.11507150617192338,-1.1638268500396056,P02787
1.4330248742797673,-1.7725109095517189,0.36607048972913897,-1.0873286852790356,-0.0834857460770374,-0.5969716887877687,-0.5877106074081575,1.1108253189426718,0.20121029348810412,0.6271754222637316,-1.0428640492344041,1.6395014873326206,-1.3704469224679532,0.34422457044481647,-0.6812764328594235,-0.06480833150532367,-0.33666824939848533,0.7848683798824094,0.05194687870327261,1.0965856714352638,-0.3976999216697551,P02766
-0.17507717258016006,0.05068701957074321,1.7754730188942534,-1.317627328508806,-0.8346046244789737,0.19860039119437023,-1.301441166721584,-1.421440616315245,1.6698609327099954,-1.7002330175890619,-0.44205853970972475,0.34163140996783026,0.5827308756027963,0.9663053038420825,0.16691686724862767,-0.09817297328770905,0.1447562733498074,-0.20569441052704007,0.48212614788615493,-1.0978743255306878,-1.3638728309584014,P00751
-0.44907582683742453,0.42352710105716357,0.7939195583542377,-0.2994375630264761,0.23377781002453252,0.08423329603406499,0.3800772056176324,0.038764785553502594,0.26274546570360674,0.32206484642267974,0.7007428350716457,-0.8175544236653005,0.3421527621141896,0.015319174797459888,-0.9691739260080962,0.4990857144491569,0.0038280831449402654,0.3361121211572113,0.1886637537245353,0.7784845342617888,-0.49934793911013126,P01024
-0.08215648768835108,2.2661416998338297,-0.5484459618961911,0.08504163106292181,0.25279362047411447,1.6734725762359945,0.6282503582093732,-0.7396241197663266,-0.01495887077046092,-0.3442667796107825,-0.9405622788673533,1.0819058641344363,1.6375968715866474,1.4887425576435906,-0.839585830068274,-0.3453466713622486,1.6541399046783274,-1.1459300919907505,-1.54112428692926,0.4764756177960893,0.09411135455070292,P0C0L5
-1.0586729362507559,-0.853401488944265,1.5939396729618596,-0.08170093756520329,-0.2316018848524173,-0.05799740974516133,1.225694094813151,0.8863995471685665,0.6591650007394322,-1.7510908354884305,-1.2003089051985238,1.067165445009306,1.344770896616822,-0.5051751466630098,-0.1762628007126287,1.6045423532470395,-0.5829707460170281,0.4862009074320645,-1.5227510596588736,-1.1244988627356274,-0.493526910230949,P0C0L4
-0.5148838397753381,-0.4081652095528307,0.37148474689572564,-0.01677968747228553,-0.2192437339778539,-0.3549664530947418,-0.6084209721280395,-0.14953476200173363,0.5551851447007045,0.9619307890035729,0.13808808731430636,0.15233755307193814,0.5470907919158486,0.6706215268922666,-0.2536520493959119,-0.47015812904190424,-1.222002378823822,-2.8822730277363,0.4269774731018611,-0.9930304450862643,0.6833905203584919,P08603
-0.18856329195832797,0.8573166850806554,-0.020304295867720035,1.4760243672867128,2.010723058996244,-0.4008558341456598,-1.6929777646616642,1.3285387063182519,0.5823058676738817,-0.6417283215361754,-0.19985581316294804,0.42475713559241096,1.3191556664466342,-1.6663802041578621,-0.7836691648411267,0.04475731050309335,-1.7215977668589104,0.870381168633631,-0.8786506115309655,1.3112120038876574,0.9493535714873121,P00746
-0.5146216407379332,0.9138722950677256,-1.484647586446972,0.533311867592764,0.9670554682913228,0.37998886876434546,0.4076185146483883,-0.22452027639460317,-1.0392949803001625,1.8611536557406245,-2.4931422964761794,1.5777220325278052,-0.511797528019896,-0.37592099434624493,-0.21660617048327982,-0.13302706211440657,-0.8186267189527142,1.9240974847525343,2.881974418416886,-0.830688845494905,0.47082535363213174,P01031
-0.660475246727442,-0.4113284932689605,-0.22353607535454145,-0.5021845957248653,0.020882951869804385,1.183850091684749,1.6464187756905342,0.9076240832481798,1.3039041449526192,0.24243742078448569,0.014932037084761863,0.9474595846161088,0.17536047702738994,2.0958508258113775,-0.0825416797806476,0.2761916061091163,-1.2709096238454938,1.7308562630703646,-0.20931132904964145,-1.7980642440937726,0.1407727347363272,P05156
0.03422702725012103,1.4109011816049444,0.3761774820096752,0.7462931339546708,-1.3206763036098257,0.354292191802145,0.7433707843898296,-1.1542008393632406,-0.14901790106509205,-1.2910173917069683,-0.049746508247725474,1.3700512101342044,-0.6034022459192512,-0.6039855789334525,1.5431228833661699,-1.0652995507421232,-2.017255489700049,0.3226708251450876,-0.02153818454861092,1.917312119544569,-1.256457215320805,P07357
-1.0139219403636295,-0.5977206847977254,-0.9319220838145639,0.3330858448083856,-0.27222058439875385,-1.6886132840312167,1.4151338829213773,0.5131071408341589,-0.29382106886087317,-0.2582427693448752,0.2810886585940153,-0.3665259640901527,0.9029568631457472,-2.314725080634805,-1.3447387634647587,-0.10778432195229075,-1.3656977359554492,-2.0496948632118515,-0.44418107440422433,0.2406567990428324,0.12441714945742273,P07360
-1.8426558813447005,-0.28923834515012814,-0.6069404482248609,-0.0058337677531728515,-0.6863238251876602,-1.024493959941311,0.19053911121977476,-0.7132564548498541,1.1932455468747145,-0.15388241482982162,-0.4963654978519994,-2.076699622684616,-0.380592137757502,0.22508316932714076,-0.23004650039404576,2.092732947481478,0.6072689631892907,-0.17614348350788686,-1.4879946886995992,0.027650087336236872,0.4626271493915654,P02748
0.0912661128309082,-0.7041392103840803,-1.2885751494910056,-0.7723738947167595,0.17935236890339767,0.37015615114112793,-0.6549961416907818,1.3987625951477143,-1.409329080549535,0.49062565460146756,0.20904864065459425,0.727496412768432,0.08711126290863316,-0.29387738796388724,0.4605796730134709,-0.15662295439151822,1.0793918246419185,0.25738586371667677,-0.38232026571127264,-0.25356363958369516,-0.3912654660957865,P07358
1.6690057239869993,-0.8561308664549889,0.6437293863758549,0.41382980058739655,-1.7049954239933394,1.8327532904979646,1.4554039376625207,1.3614318911441685,0.7049891806330437,-0.39684678572807885,-0.16652779231735867,0.28899175886075357,0.6778893401003021,-1.8911514035339516,-0.40266082956218363,-0.2347102225380508,-0.9586802789479779,-0.8553183135060036,0.6105031397005933,0.5464809516658736,0.16556674956194456,P13671
0.7691030446861309,-1.114110410333062,0.03803046821819305,-1.5287995846706937,2.113174232847179,0.2794402164068591,-0.7517303986234543,-0.5564622450109828,-2.32154507577635,-0.24177531255472154,-0.6324002701841505,1.578541551597112,-0.39234443451158996,0.8439070601174868,-0.447274296578423,0.8155505212382482,0.9629881192936092,0.46976001813350793,1.3316719372865446,1.0563538379206918,0.006601563695227529,P10643
-1.4567001942812923,0.31936937116905517,2.575911972719368,2.1697945266491034,0.2384042096008224,-0.43469690324342936,2.297433234343675,-0.24779897343114857,-0.08906593805396013,1.271827326288978,1.1638887843315204,-0.41588423308659866,-0.13202728496690092,-0.43590187844446726,0.1882126702481899,-0.7948240163891949,0.38011451078572583,-0.36855331052590756,0.5218009670199522,1.05660012470402,0.6476141528406744,P09871
-0.4401648684573378,-0.8672010389130759,0.7734441679688541,0.36085621745862234,0.3811771207603016,-0.0457402602102002,-0.030809642061733748,0.9245380826743302,1.1166332379321193,-2.3606662971321724,-0.36159957620161776,-0.34153383866364545,1.3657326543032104,0.8639200515384788,-0.7199399240254865,0.7446803451517164,-0.8900967225162475,1.6111179881184001,1.2197588233293033,-0.25566332476125303,-0.2349115783657154,P02745
1.1770191545068858,-0.7934879969728615,-0.0025698434203196923,-0.2713878101402129,-0.4365619876928047,-0.8654761878870149,0.5191170372497538,1.0204587611484186,-0.706524024818553,-0.07424775342395118,-1.101734756911998,0.5935119388289225,1.5220112889457702,0.11557271521277536,0.8364179369053789,2.1608228399190983,0.2694951645056596,-0.3202551687691847,-0.012243053681646044,-1.7398385007219572,0.7054343564845348,P02747
-1.1355607542499924,-0.27670924887508835,0.9114121760241198,1.50230451169343,0.31703957790160087,-0.5491946657270802,-1.0951852786665905,0.14065091245137623,1.8271135189916725,0.6555450048691106,0.16574799913860586,-1.9395635765716186,-3.361420286149227,-1.2592527202827972,1.4250623167993208,-0.02804079746565838,-0.09407913739946279,1.1181986366703294,0.8026914554303948,-1.0951888421552778,-0.3296714668995928,P02746
-0.36009350486497893,-1.5789295410963955,-1.1055158867156878,-0.9155685392300468,-0.4384311168497255,0.7617571138417188,-0.590495458287205,-0.6575911039232993,1.4514529970639731,0.6152439079026458,0.664456115935769,0.10883083264981847,-0.8223535696499472,-0.9056356025634191,0.610312437925928,0.26567684139519665,0.3518720155534756,0.900213447645622,0.898713961874278,1.2855796389517158,-0.10106157210599834,P00736
-2.0575977070237936,0.410503916960543,-1.4034240060945098,0.4778421304608797,-0.9947222131774159,0.5696138580473132,1.239880946910742,0.9824026529990589,0.594892249218933,-0.36918758113863337,0.4076983714303041,-1.2078386815892705,-0.2794048032095069,1.5720395757080092,0.5602778428012787,0.8733698858476805,-1.6282115979172587,1.129607023973585,-1.188511096514277,0.009605060466533942,-1.2838164110298858,Q03591
1.06473599505038,0.7401831696083498,-1.216685421841116,-0.30448416054862115,-0.0972448130166934,0.5633030022019776,0.43665482740991063,0.4449885731123134,-1.473540800207657,-1.9072584641684844,1.678378623124848,-0.7131693643487408,-1.5971323825180783,2.110401527381368,-0.6538936858088903,-0.010017205285494707,0.31893807836587346,-0.7439147434574179,-0.2540758861722251,-0.29870653812256776,-0.322358817216201,Q9BXR6
-1.1587649963555853,-1.9424236918020579,0.8081164340755261,0.17636016434185042,-1.2884229588619538,-0.34460622711219596,-0.9550164372438249,0.6443086605465691,1.9012311693183328,0.8696909720225418,-0.5355291791275335,0.9117800245391234,-0.5490497077164552,3.3267505142365605,0.6387121746047681,-0.3962711640675497,0.9426085194273073,0.2544342130817655,-1.5753265653780055,-0.7632049896063015,0.019715015314348133,P02671
-1.4244997667495165,0.542408304471668,1.0746454958920033,-1.196535524564519,1.5984749089678467,-1.266153220862665,-0.021954676193542435,0.5562518335069347,0.86963507247327,0.6817293764438259,1.7486604605393794,-0.3280944499203588,0.7023490067573803,1.2702466208262817,1.3252284414275683,0.20175207725186714,-2.204575131702027,0.5208953663702445,-0.3302138485550522,0.15562997218054145,1.4318295377172268,P02675
1.1109552683016584,0.31385587229283957,0.7392639450831078,-0.025229388160465473,-0.3369992750885913,0.4502551262334551,0.7375426888458784,0.8926482331055372,0.5961658099757604,-1.8245253941060382,0.38348839902205833,-0.5463401748215989,-0.5395950565446893,0.13962151799225633,0.11162596591887956,0.6209459574817369,0.7756834796066783,-0.209679469118259,1.08788800582954,0.044806253029935884,0.7093771269684357,P02679
0.13300784738453253,0.6362343704467278,-0.32083894471753693,0.43864096989154067,-2.085277397361263,0.7177910477257159,-1.4072617603635833,0.05504564347408889,1.0550366763412256,-0.7136895392445055,0.8795876804622156,-0.21481728992665636,0.5777573277527346,-0.055831636932344865,-0.07122269709092867,-0.5927944993549991,-0.6363264706115205,0.25841952206973157,0.23853963612071694,-0.032590959904008204,-0.13611703166914002,P08697
-0.8515483368432585,0.6088610285707149,-0.6073105105272184,2.0762115981881855,1.2942961698038977,-0.09743688852568656,-0.40273362582233646,0.9046754773488178,-0.15925816379846516,0.40117665029388194,0.2643704923488466,1.50694504798113,0.8456599461470282,0.6115962162705165,0.6194548998542712,-0.6236728009829487,-1.1224278883280963,0.6856047218073579,-0.38557112086818196,-4.404213960877153,-0.6322644398121194,P00747
-1.255022737493551,-2.850780689076207,-0.46636364258155,0.1432596203469193,-0.4097756208614144,-0.7547018526626088,-0.26046664994087576,-0.6959408052673561,1.832266645164339,2.1485153306199085,0.7844309346855202,2.324600790964162,0.7011525239042471,-0.9443257805863241,-1.845230571885621,0.15035497005187384,0.6185518823189027,-0.652570101873369,-1.2594056577907173,-0.7528229864620826,-1.7012143172176146,P02765
0.14527565050295754,1.0102253977244828,0.4783800741994814,0.01893932531235935,-0.1817559266687416,-0.870912480196175,0.4650602897119523,-0.741319318069019,-1.29991061903462,1.7922697390809317,0.6485745903647931,0.5202419919724444,-0.2565417080200627,-1.0456844205757085,-0.9505124542143165,-0.7518470582767939,-2.004053925490995,1.2600285438225878,-1.3575665183504262,-0.05336165538195613,-1.2675865099688932,P02749
-0.12023027656095411,0.049443807665895255,1.2519045458705602,-1.2786706853950651,1.230569060596431,1.570891089401442,0.3157342345596219,1.4527810802705101,-1.284310271899711,0.21316155332114833,0.05154084656638176,0.21708416234564673,1.3254030678107527,1.4263164644008284,0.7120037366342994,-1.5081658481574987,-0.36845972524935444,-0.21945019979631566,0.22010664125433396,0.7091619047502912,0.46363575527881007,P04217
0.800685564639809,0.6857927282335107,-0.39465280699509725,0.5768651266587602,0.616696075100922,2.848803507642017,0.030148774774022398,-0.06126273603501504,1.0749907296436605,1.1469023956007152,0.7063499961326438,-0.9790718921096956,-0.5061401229869416,-0.2357764012121942,0.16410236464878167,0.5017921768369076,-0.9841257331552427,-0.43739288280955785,-0.3415235727893746,0.5968648808908131,0.6165915105051735,P02763
1.7138248729095324,0.8273417125388414,-2.3080320654025126,-0.15233932673943548,1.446488365836573,-1.3719617131342767,1.660326083674075,0.8678607540167147,0.5449278736717591,0.7870718278879432,-0.14219496923923078,1.020672396476399,-0.5604190444591128,0.35507074294582497,0.6052059765108873,0.2668366164699862,1.4915004445537596,0.9524994981043173,-1.3804781919369784,-0.3135529646687884,0.09795916856857126,P19827
0.4580132487455924,0.008015514173095123,0.429728647222835,0.4106247461566094,-0.6075197682144109,0.7824639669548413,1.3565938040793046,0.12981143794474645,-1.8124161551603097,-0.8941249287733758,0.7005941728812227,-2.1490906174535347,-0.31258973808818935,0.16005186826242165,-0.19933850139521786,-0.10570462398393703,-2.0683161850293144,-0.16411850108562887,2.4236326483525463,-0.3588590342585219,-0.2865284163546031,P19823
0.6471030387575425,0.07445201266489603,-0.9548285658369482,-0.38539069613833504,0.6757717092661711,1.1412719961686997,-0.13051346001994688,0.4250106549339343,2.23865958976954,-0.38677779010890206,0.19280301364393948,0.29674213412763645,-0.587754415521877,-0.02777876163235903,-0.24260247921031391,1.3525944863702855,-0.7416647679465662,2.2258785888719816,-2.8359764263316367,1.1714967787273547,-0.4901614167211708,Q06033
0.3917646339969451,0.2171057924669245,0.08691240858047392,-1.1832577395190977,0.616444319490448,1.680237540390385,2.206472058086046,1.5643906311948033,-3.8170091320975974,-0.6057490430547543,0.417845695265689,0.8263694530244636,0.12738053248332148,0.6607613580925626,0.24841837675853504,0.07052781158841401,0.788467319053746,0.5239318788783018,-0.6918686956648605,-0.3036522637257877,0.6715657673649656,Q14624
2.5090215345426197,0.926658472785271,-0.1284754845059349,-1.0916523711922148,-0.8134051763748453,-0.8945880488406762,-0.40127088818799883,-0.9934013728941813,-1.0882971256273413,-0.281671255446549,0.7226134519362722,0.7228113044220471,-1.2290316608173972,0.5024421694346781,0.8302545721031266,0.3740988705804956,-2.372375349598073,0.24307062431760895,-0.23977930937771028,0.3826176840221333,0.7808764234361693,P68871
0.3639095024579305,0.3136085847305656,-0.3398582928478047,0.8512176681917235,0.8321921020811367,-0.16392183488751752,0.7769617883312551,1.419943575823711,-0.8268128823815427,0.16658487912552528,1.11614814537381,-0.12460852146804248,0.9198055066984872,-0.34066043364445975,0.4665538283851779,1.8061128076442496,0.13182457485179505,-1.3874645830968506,0.7306790027605844,-0.32504118300242674,-1.2599311383182654,P04003
0.11461261754197423,0.5375413462740352,1.3292446849248098,-2.1450362011552073,0.3570412884783892,2.6130771365652374,-0.44046903595974524,0.5967835015665633,-0.33407008736120725,0.1985591187585953,-0.6599523265079376,-0.87521062065668,-0.11143520952419968,-0.8343294363701791,0.08381823960161715,-1.3954634534666228,0.3965820916614932,-1.5877676188223242,-0.22000400102313156,-0.9181220922633777,0.1570931854180965,P02774
-0.7848593952147173,-0.11962985541424351,-1.2208212506190503,-1.197548539111674,1.0272582538756743,-0.40217829287656304,-1.1617277049288401,-0.2921403886253936,-1.3944848344875702,-0.9975778215288562,-0.03291945606723753,-0.6191650208857717,0.5859138257139942,1.1783373869068396,0.22135659856439777,0.2662500488169526,-0.9017845950907959,-0.36062740906539614,-0.6547208833718349,0.005736134009782086,-0.2445430195905716,P69905
-1.0448338116596152,-1.0325947210304136,-0.3581176761143943,0.19099587447779193,1.5559424082128581,-1.2463471247626148,-0.3079394636535617,-0.014215605696427396,-0.7598769958207351,-0.8025429981094765,0.6582366238312127,0.49057007405298997,-1.2059318921212905,-0.06846032616798373,-0.4288881846152221,0.6371680338444025,0.052295731837170664,-0.5140626570501289,-2.505479232740692,0.009686054780992978,0.8661158062316784,P69905
0.7897479012236428,2.423354216263248,-1.2363282363061256,0.06806368812034977,-2.129806406602436,0.22923262136504718,0.05973902718160761,0.8091769805214224,0.3620017269754249,0.5232252263981921,0.39002047452690736,-1.2233761946541455,1.4816239249004701,-0.39768805482013553,0.47671358036276396,0.7819615191426204,2.5820307820286583,-1.398210415892293,0.30855093191621724,-0.1686849134446158,-0.08422350235977126,P02760
0.20934527344302875,-0.7545108398248319,2.325935165821275,0.7398020537259035,0.728583481415481,0.16302629935705407,-1.357009283003705,-1.832605110974739,0.6932440159999026,0.5897521868465885,-1.2425868136402,1.928033998263404,0.5697775572055174,-0.28720897137621043,-0.21129765978121742,-0.6020680446699226,-0.9773487917355563,-1.2646441374105712,0.8196689581092906,-0.2162360385674118,0.46541231746989176,P02790
-0.13688549284567222,-0.5645433488584755,0.967217823066795,1.3146665042897687,0.3382487019658536,1.2630717355747632,0.19072676572986755,-0.5336016619450517,-0.5221100376746286,2.6659892688811566,-0.025721964487443773,0.0246550634945617,2.6255763103172214,-0.9423637334020926,0.1621957995459516,-0.9647786738521278,-1.2062747205064865,-0.42419819224269284,0.46545289210200375,-0.4930091708834401,0.8952186723307011,P07996
-1.1636912001960253,0.274566444170075,-2.8236305277221545,0.8675759500087631,0.032547251046572814,-0.551640258918865,0.4959006276883091,1.5300283708755875,0.7242760854485664,1.102952118911374,-0.4978854269180707,-0.3634830338865835,0.48445939119183123,1.422875506856662,1.309758348546409,0.8783217929274122,1.9910797352330742,0.6159203036433726,1.5353302236875481,0.32687965426739335,-0.284653386768279,P05155
0.7661733557447429,-0.5277002682702086,-0.3428796435682328,2.1442966934392906,-0.05747310952771892,-1.110229619546137,0.25672657601179816,1.2136674810920867,-0.506179715602546,0.3785003681175147,-0.12174829919269786,0.8315368130384814,-0.26081266468219977,1.6383861241472777,-1.8685807921278876,-2.73462454219579,1.0812037503395007,0.6960802384462315,1.0705651160200036,1.7278734416477086,-0.09986128495708725,P00738
-1.628662147800601,-0.6494249649801985,0.8000402862975213,0.48752625026973795,0.956624923799944,-1.0624948209362823,2.223550635899619,-0.900366657816101,0.27727485455905193,-0.3077751610522169,-0.5358229679545792,-0.26225414227449295,-0.7131301689686415,1.4839615221366618,1.9526486966090233,0.26947741117037183,0.17660297253688617,-0.7601581745278595,-0.8664975026076165,0.9595095902676092,-1.7427324591509732,P02751
-1.530684942023698,0.17126427092276206,-0.28945024159213933,-0.8966267025442741,0.3407231096803022,-2.738361800121647,-0.06923114877958023,-1.8531430742071917,-1.0882413143119862,0.36908257450996484,1.258279538201706,0.0015031766702443743,1.566350821135228,-0.7653413149692371,0.5911286159219549,-0.20086961446733054,1.2508392425893595,1.8243784260465261,-0.5531491309968017,-1.9493103289088933,-1.8002043102387457,P04406
1.5213608903388505,-0.3844438547970741,0.2651238460291465,-0.35233337764978373,0.588536955536433,0.943772894509715,0.18216730812998266,1.5474525651608817,-1.4309465174909697,-0.28213745363616244,-0.8590227705703879,-0.727608291511564,-0.9382043053382892,0.6839016853576685,-0.6394277118216337,-1.387199638587241,-0.9218103275528784,0.042609435069666926,0.16098555417157762,0.8690261674035481,-0.33226668088860095,P00739
-0.20727262446472577,-1.318397347848689,-0.488606668848764,-0.18407029689814075,-0.9532563217376925,-0.5538886444416803,0.6765555390439312,0.569243412831341,-0.12977641455763314,-0.1605974042156407,-0.3952435871445853,-1.8800688468615079,-2.2917473837772473,-1.157710092575811,-0.3794719604141553,1.4127650910984149,1.5044731640432933,-0.7814071296921896,0.6525552542720963,0.033280927271741395,-0.9151024218528846,P07225
0.49141608720921337,-0.10268228247059545,-0.18436848559809244,0.3595982410194698,-1.4421824052918337,0.8376904502747902,0.8103470579261056,0.21204887236194556,0.766263038597195,-0.21678372611339872,-0.891147438758586,-0.003916322015911643,-0.8266826004268321,-0.4828225729567903,-0.7590283687034912,-0.5342982445592557,-1.2238823896604527,-1.340437093270839,-0.5550983532383251,-1.6481688006309592,-1.3396617238170867,P05154
-1.2664237578252449,-0.6514205269217842,-1.2692166958917948,1.1759032522499724,0.21577399474527892,-0.5687906433392214,1.831890737037643,0.4105403747860975,-1.3025980666469614,0.34818623669313264,-0.00012122084805661747,1.0270119369705846,-1.6714176057535834,-0.6077112626776531,0.9450604137817348,-1.0929419720695783,-1.1510762271152704,-0.2668285525771588,-1.6880125505772836,-0.5722987832044723,0.008676001266942148,P60709
-0.6271960798255666,1.0205404504324609,-0.4454950493022315,0.7728358305799325,-0.8025843412879822,-0.29392267922676624,1.3573160167948768,-1.67142467017971,-0.9100352065254316,0.6467388101554488,-0.8537868216280031,-0.43211912149114334,0.39523790945338066,-0.5957939354584739,0.9581665295258285,-0.6638527966922515,0.2753262665015944,1.5487540972622942,1.1843042509552004,0.8688537957486546,-0.49079750409771755,P03952
1.144627875955667,-1.7167350110293425,-0.005447619499427613,-0.5888841576720313,0.30919319771760706,0.28541649756621046,-0.9547864729933864,0.44296806278270595,0.9033717099235616,1.686400882592203,-1.248645673066173,-1.0445344770875198,0.4866361025305524,-1.6190785937535381,0.33789699452883526,0.34616607997530113,-0.7760623741033666,-0.2708878144869886,-1.4376534386510118,-0.8143728097541745,0.4156080590360781,P05546
-0.3626175027964072,-0.8435375220684609,2.4232432805884554,-2.063759859005233,-0.7579624888416012,-1.2283609608130757,0.06734326825310735,-1.2095583365170506,1.1941877356513584,-1.1694821262159023,0.009229194801798936,0.5050386783623412,0.22665567197218087,-2.0787590062944874,-0.34832346378744755,-0.001490194463522735,1.5021113694745534,-1.084486649320791,0.04958166378405311,-0.4542362669005507,-0.15183769634283578,P27169
-0.05574967306364044,0.18478911043863558,-2.7826163256155723,0.9197124570632068,-1.0164449814694225,-1.1261090267108353,-1.3173720954480936,0.31560037173665895,0.6925700604157099,0.41464804289653,0.7562023008223473,-0.1909183971924402,-1.6237647686495689,0.05555638730042639,-1.85615580922758,-0.5851405234072181,-1.4506047960030575,-0.29086966925944524,-0.8211188183258178,-0.0808869589449885,-1.067506227783431,P01019
-0.9285412285999259,-0.8741717750815347,0.9490957285008143,0.5385009661386445,0.8348763998409101,0.04442500630376724,-0.970547162514012,-0.6672447211153495,-0.26582499666313447,-0.23288762473049626,0.1079034802068047,0.07553940185357258,-0.3578566133060612,-0.18920819213438844,2.1947604160032905,0.6203694950623891,-0.6822161764777304,0.6841725374467722,-0.498443803689312,-0.23887529460556667,1.5704684011154155,P35542
0.35022981054264524,0.4959362741970096,-1.0399019787470793,-1.006748305542713,0.9998332292251271,-0.027483279098285615,-0.7250883918234768,0.9782271346958947,1.2109579059127455,-0.04502238504700715,1.519192827003122,0.8312399933310879,1.5485274729952359,0.6339670173852034,-1.694698023138714,-0.04269753904735333,-1.5203005744452598,-0.3972497231576168,0.646668150455165,0.9758403665054312,0.38532341409895216,Q14520
1.2919063962984203,0.5095206398984066,0.6577699779148654,1.3267847592602433,-1.958471330240932,1.0626572613306473,-0.6146976733867279,0.11867197055814198,1.1210072278877354,2.5082275015487343,-1.494780752102097,0.31344394324772845,1.5537542392779409,2.620514873335924,0.6036401861929002,-1.9771738795236882,0.5685765230848823,-1.0958257214341527,1.3264622752369741,0.3641724969529803,1.5763300632318684,P02743
1.3406593611924231,0.01658925643792735,0.07529408993558266,0.13963479768805556,0.42616109315666023,0.7358501690604283,0.3204919493732276,0.13707157975490097,0.8111883176154132,-0.598150125860939,-0.40420126931267564,0.17753263332406097,1.864385789963727,2.1130963833005865,-0.6075512180635962,-0.5922587491052789,0.287530764169951,0.5988882037170298,-0.4787117269688947,-1.317080631603783,-0.33447332517665884,P49908
-0.48951357295999304,-0.11474014990499792,-0.0404875248019588,-0.4958591381381296,-0.6414562427508271,-0.9758551043910348,0.06714885091251985,-0.4824915502420491,1.4243517292895556,-1.2012879767011564,-0.315681764219431,0.28770768610457575,1.5288836009923976,1.309061825294061,-2.353516389702482,-0.6407151146722041,-0.09168070907440513,0.007010064192440083,1.1925393525499652,-0.8619608900761304,-1.4436974336392894,O43866
-0.7927164830082359,0.9416291830210106,0.33425881314418193,-0.19984655617921565,-1.0447752725206452,-0.4837155685588751,0.11203566819590842,-1.4583474673581842,-0.08845593193777475,0.18499003425447935,1.3603822245106,2.3359438612019083,-1.0986418967194,-0.17578445818522917,-1.1186281796049493,-2.039281557613411,1.3356310578540769,0.38298602708461016,-0.03671017621735625,-0.014853093706093015,0.5969878376513802,P18428
0.40090837019760167,0.800485555932361,0.33003584077861886,-0.6027463276202906,-2.0181504619206234,-0.14450014712308198,-0.9977852137903762,0.257710206720744,-0.8579002747542005,-0.8017707628409456,-0.4141433082935398,-2.016409207892244,-1.243973157297198,0.954365576904914,0.356848431482839,0.5169853467089489,0.4938477713983012,2.1372503771442686,0.8517580969614271,-1.2125550448441766,0.7175194020877073,Q92954
-1.8304217334076571,1.4385475220047947,2.147870057125715,1.0774888211128508,0.06752360119891501,0.7677581022613248,-0.5585490620951289,1.0932398902616498,-0.18620718347117432,0.2423093566004632,-1.3706112374900365,-1.1574824865249347,-2.1403289111891084,-0.08463512576955878,0.9267906369903236,-0.3370503370530012,0.33751033197782604,0.43303805217366653,1.491438619340464,2.1119572509014737,2.0101933671924224,P02776
-1.4134287976306577,1.6341425447761198,0.33561457841887443,0.7991342851537363,1.260096284416069,0.21992020239364507,1.8029855311975471,-1.4585533368058168,2.1091319369954418,0.24738563304963623,-0.2606759087549312,-0.013779177128416316,-0.7543711200311009,0.13281355021768557,0.4524408217450845,1.9424926143520078,-0.1502335675505225,-0.2796087454425011,-2.1254320356043928,-0.6216466519583079,0.6258426096207511,P0DJI8
0.58300808200609,-0.23902733797463183,0.2490211689867375,-0.8750484649549667,1.627215521925959,0.757206660925132,-0.1572206933134509,0.32545169109637123,0.25215586575840954,0.9817430747399407,-0.7667165840231175,0.6425276975592366,0.3964877892786592,-1.002567747072207,-0.4485310586730622,-0.671850915772826,1.7265459950295434,-0.7740036182751768,0.2589034144300231,-1.3667260945370032,0.27649633645971594,P04070
-0.11759576527327811,-0.4675592820248593,-0.5862381239767913,-0.8276605026526309,-0.923968521090537,1.5279670459903447,1.7259614074847824,-0.1017692824843991,0.2358460945904166,0.7477541622160254,0.9311202388381009,-1.6935977748716486,0.9565843462617667,-1.4893901257312043,-3.3287979455622185,0.8676783371923076,-1.344485722095649,0.9505467205359199,0.44580432524676944,1.8319624150361544,0.2291997448279192,Q13103
0.5232064520894134,1.9049210021951029,1.6112700016937336,-1.2235155219101366,0.3425116097278545,-0.8195991368931387,-0.34811841794752335,0.5151523807450273,1.142043318470971,-1.305967376744317,-1.951263336835674,-0.9616182147262157,1.1015644342211268,-0.24209719373457242,-1.5944433293778295,-1.185204597385969,-0.19846352136327025,-1.307940652350012,-1.2412141791427411,-2.2953170706635233,-0.6894523600806903,Q9UK55
-0.5031766938560487,-1.050084060618341,-1.4783004690515904,1.4671200730380403,-0.8129147381851077,0.8566268197339425,-0.5484330828202894,0.6282129810512825,1.6802248404878835,0.349633007183638,-0.08153179917998356,-0.15722833577710554,0.19895747002568664,0.6730781271000971,-0.5095584515482968,1.2294238581976846,-1.0587788342086741,-1.135952748195693,0.8752317808908567,1.0961953570597662,0.6332947900726072,Q96IY4
0.3680944755204109,-0.33483571276162205,-0.9647524743758096,0.7966793945512087,0.8117175077073158,-2.1930700737907647,-1.9709520093746755,1.1241396400668853,-0.10184405092298524,0.44162580674906254,-0.5463239191127437,0.5604547486691418,0.45450049232473294,0.1631627208792277,0.47762358737417737,-0.7162211546812428,-2.140626647533286,-1.5310930767792412,-0.3122932640229004,0.3584737041693301,2.0663586401956175,P27918
0.9049530528172616,1.0967901956763655,-1.2201788981382673,0.045069297989987774,0.40997022632172403,-0.9252171877837982,-0.4939894972443048,0.5496387101344723,-0.25136991405011244,-0.3296098053067102,-0.413780079773819,-0.06245296057973204,-0.45195217754560496,1.1963544714364027,-1.5106033383826958,0.015401417131284168,-0.2893415146981301,0.321355620265142,0.2687797193558489,-0.18798142902085646,1.3416762929354602,P05452
-1.6711298618495078,-1.5131292452367457,1.670244001773329,-1.9890821161394696,-1.6704943228394538,0.39686864421589074,-0.15911536636813803,0.7987647537051594,-0.14411327453106648,-0.5200210221334574,1.3197788031827447,1.2220103089136558,-0.7539186642194948,-0.5108292155335743,-0.03346233914640851,1.2154276129215082,0.7522508741178572,-0.16611727813006888,-1.6579110826017678,0.21350764619016965,-1.4417022040854621,P20851
-0.10925985072113625,1.2101152922609504,0.12393193209334688,-0.49436242930386526,0.42892695843168455,0.9042469204979348,0.4926366540043583,-0.2309815078757653,1.0434969050449714,-0.772027358872147,-0.4885282337340708,0.6770400744435329,-0.9498846469336374,0.5566213812347403,-1.1853221748549096,-0.060251957585978705,-1.5735495679264249,-1.3063596679055924,-0.275834325539916,-0.5712066671604237,-0.8507620178653309,P02775
0.256128605716661,1.6445347026376576,-0.8202250014678406,-0.8334904560873236,-1.382829516464391,-0.03822234185969835,1.5906743535161765,3.201289872651449,0.33153310932793884,-0.3295308425800607,0.9907125098188097,-0.7957901920500893,-0.06347927393908612,0.97545872232451,0.48083840828934216,-0.6598905898413837,1.4232683503265597,0.6849246726340553,0.4743863195286068,0.7703133636951723,0.7261862768986798,P02741
-0.41576960847449695,0.4679831349142097,1.1532379507296442,0.633253029882214,-0.46812026112373895,0.1516291597772917,0.07963892138486078,0.5387946187862168,-1.4581192873630053,-2.068189974709201,-0.9443356916685428,0.07011024104788086,0.7115813258348971,-0.1403189948482507,-0.3257077477734766,-1.0831546372582008,-0.7219540659595282,0.602026052080156,1.6697637822126117,-0.5393712043501532,-0.15766176383559175,P35579
-0.9298171359014487,0.5170924418331041,0.5209242359575221,1.0110541512796571,1.1236266174592684,-1.1350003658937333,0.4391144117836864,-1.1145059459875568,-0.8805887398889998,0.5415167613465987,0.9888327528154341,0.06905724943905121,2.2211928419725724,-0.9905846382648527,0.04656243049594,-0.737945960870938,0.5850957183259243,-0.09796678964968342,3.1558064318541854,-1.7459059729812105,0.16262076411333937,P15169
1.4083181145403147,-0.6683475008021162,-1.1387700784458161,0.36631711202897355,-0.6120247619222412,-0.5219064463857409,1.2822093770484313,1.9355181203937495,1.8638544807981339,1.820988421775289,-1.7868726053118749,0.9188656216071742,-1.4159797077308371,-0.73270176725588,-1.510949298116757,-0.9552772965954234,0.3755197475286981,0.03058148034429718,0.35855523621988883,-1.6576272629614914,-0.39319622955531003,P49747
1.1777808875710893,1.8569261630100435,0.42310105395047465,0.4498246631446644,-0.10692772598640304,-0.9562597005609333,1.278844661311768,-0.2242706343619283,1.5018057427935345,-1.0553404495849839,1.1095871588660922,1.6230353127278094,-0.8907634579590773,-0.06795213954506901,0.21043105049455724,-0.22004301604731266,-0.3095368447873769,-1.4103873874029236,1.1129960270665646,0.16197260310684491,-0.07616008775419252,P36955
-1.7823512824078802,0.5704887130450071,1.7447555028011459,-0.039012894457455316,0.9834120200096845,0.902257459520719,-1.2575884204991918,-0.4845594789302653,-1.0882908453583378,-0.5174420023021559,-0.2302128740221916,1.1044288582473516,0.3179451454269446,0.02061501225184189,-1.2565394795925142,0.0980184943822,0.11312130583988723,1.009404010744716,-0.3952336286476979,-0.07215327582029432,0.539600537585799,P19652
0.4429957161551567,1.8324678793866307,-0.05207118262852568,0.20278002400166903,0.5375187124514669,-0.623448772302575,-1.072722396761302,0.038215556632420884,-0.898787069715906,0.0731708762402006,0.8348271948250818,0.6053581213392863,0.9163812811780565,-0.9599759816470074,0.35591981347482643,-0.7704629885721569,0.6128595519366759,0.3853126105288701,0.08577598913249773,1.4887544486366793,0.027732714555316434,P07737
-0.17581648597419272,1.4249702167659508,-1.2492515130654507,0.22141686321532547,-2.061750989588499,0.9604848089687275,0.6666980727510742,-1.1168548851429312,1.658544866105826,1.3862328188859976,-2.183706450795078,-0.39690301954424806,1.6911602980995508,1.797395298824821,-0.11160248445443278,1.0185676840710844,-0.36367327042133707,-1.8335126380372708,0.1450850906493307,1.5316588657715824,-1.2902393498591882,P22891
0.5318160435933273,1.9236221422128181,-0.5054063058064104,0.4298971998944398,-2.099561483371498,0.30811427025756366,0.9783277343230372,-0.7842388465179476,0.9005105452746915,1.018202216216082,0.1639118134396204,3.0503628884932423,0.543645190289783,-1.5548663738968722,-1.3388513597446425,1.4643256242297753,0.1383305760435957,-1.4285083587518814,-2.078596100990172,0.5545318693353549,1.7537207426618204,P08514
-0.45146760273035474,1.3205911700108734,-1.9869912802856098,-0.3012094471157165,0.7327943753468422,0.4955522821030098,-0.9347726648366723,1.5439224361077815,-1.1091963821960014,2.46128275147504,0.8698378608569378,-0.08372102129083979,-0.11968471443010571,-1.3891917077780167,-0.8779797565658995,1.8763792196087834,-0.7892158934010144,1.9071195460441366,0.6035173364115809,-1.7073797107805095,0.762030066209415,Q04756
-0.10110072447370264,-1.2110444027708904,-1.4915316688557698,0.5277925812204314,0.43839659914094403,-0.9097070069323646,0.10502501395269184,0.6823264368528694,-0.7682112419878769,-0.05656434537645688,1.2528323499631875,-0.18558172467631875,1.1657832813205324,-0.298117592819175,-1.6929629683225569,-0.6740698326299465,-0.547843690527048,-1.0713678021477486,-1.1086571054962058,-1.6096180995670235,-1.3833873057052692,P06733
1.633240486779398,-0.7657436129123716,-0.5093090275011134,0.5004290545311796,-0.344297916690512,1.6095218313782391,-0.6917936100813125,-0.18817104666445691,-0.9788730281360601,0.1864190775972485,-0.6467226097781416,-1.6263969843779216,0.8403035838907766,-0.7529885765210388,0.48295369829153106,2.2286438233164927,0.6065237675374633,-1.3011270959724828,-0.8366660649729245,0.7598553788905821,-0.2382096873801736,P23528
-0.04388696029237025,-1.0605939304328247,1.3066529969171183,-0.4301619373617813,0.21466212669321375,0.7637776848003529,-0.7725013442205536,1.27590168569853,0.3035594434170324,-0.6456449049199214,-0.3563810650520319,-1.4254204120197207,1.560694249239563,1.3517791105376076,-0.5897850830231488,0.10807907967010363,-0.43407540929547317,-0.2264200331939083,-1.5230052834276961,0.7634327271291995,0.42771353754614877,P63104
-0.20382396390202878,-1.2596876386205291,0.25434481221928396,-1.828359533838182,-0.6210758418327313,-0.866475822880664,-1.2475127353563318,2.562048500243672,-0.2948415807409019,0.23438728210015736,0.747134518377962,0.6004292335569565,-0.8754374997049447,-1.2633719819745621,-0.6451025679479957,0.03782848969684956,-0.6695624508778452,-0.01761190573959421,0.48630977082834365,1.8240164462153838,1.442962539139386,P35858
-0.46887972741423306,0.2330801442246233,0.05575208511919865,-1.8203234235436219,-0.03567907028022593,-0.8471617380614149,0.9926594761289997,0.6476606293484712,-1.6112839379930173,-0.15037305435823026,-0.7306016851666722,1.02478095333348,-0.470341130032912,0.6544031008003891,1.0152050664509216,-0.8514528635641192,0.18940722936106943,0.447033772532282,2.3593854388917923,0.6499711743449507,-0.7192342873631119,P18065
2.945948449923447,0.5349721700688946,1.7076336304805053,0.8093043741376016,0.15387444374186468,2.016604118572421,-2.637617777621074,-1.084993983332956,1.6125244068334192,-0.739522273486629,-1.8042420967647266,1.2064225489344438,0.17565287491311593,-0.903165722775365,1.0565785221819184,-1.311892881806903,-1.4677786295768207,-1.234131433347453,1.472039187191124,-0.262538573017405,-0.13936203788713025,P17936
1.4497588288600454,0.1515262549782107,0.6279558180986438,0.25915388855224436,-0.06310112946421853,1.1512715418621922,-1.6247110604877886,0.3079972196353777,1.3147092034435726,1.5417538465336735,-0.3792231737262934,-1.4809156270156636,-0.9516873144995874,1.443872285389801,-0.7430526128589653,1.8981114609246472,-1.0524060879662855,-0.47403230707537214,0.18677699316769825,-0.903566962778547,0.14157822723426705,Q86UX7
0.7063080253196,-0.12139500182466734,1.425444513868252,-0.8705992458543005,0.5780409138089129,1.201941030134102,-0.5040402276296899,2.5635873722610887,0.5458713338044288,0.6555045734281949,-0.44559775778904603,-0.5170724711203722,0.4140343825127351,-1.376259246842875,-0.5924465342377945,1.6447268722432713,0.3704744693973203,-1.470905282365544,0.7298104232871533,-1.123331371403983,-0.7822642550956086,P02753
-0.38099237364011956,0.11975292421596957,1.0947974293354228,0.1912251044645645,-0.3075300018595475,-1.7060931862204778,0.1913387984922887,0.7796809064835278,-0.8382863169530855,0.7209756644474489,-0.6364945747096206,-0.15905154285214915,0.6083547329422502,-1.1885580097545094,-1.550116353488681,0.14685276686910576,0.9052575922994105,0.8066246545507,0.3376635210264048,-0.7830329072972129,-2.081721541838247,Q5TB80
0.07301738613342694,0.026717440398090368,-1.1735089533968583,-0.7253281160123539,-1.07299412877603,-2.496616250418025,0.06650869094913753,-1.4942651715363482,-1.3690976595137132,-0.8902865536256179,-2.2655657673630247,-0.5722220321047955,-1.3997575995091245,-0.4317728309624373,0.011760369569970244,-0.33550553606036687,-1.118524728569981,-0.06726849780788471,-1.2977141790852504,-0.3359324103953696,0.5052391331978725,P22352
-0.15141418947388213,0.37753938937538756,1.4340988706726778,-0.2950126423827633,0.025742466936528697,1.207464444238235,-0.6319205679133011,1.0144016130204387,-0.5170939332893314,-1.2533637550942431,-1.803100380330579,1.8722461802396524,-0.3331946903021858,-2.346477535895852,0.10070627598747846,0.40303687057790927,1.4576651845288078,-2.0776370477058137,1.0199322169425884,-0.19490221994571513,-0.847745415810708,P35443
0.4218313432371553,0.4189236606253689,0.08918258656651662,0.5192675273257068,-0.4358609185485707,-0.4302363230289139,0.18358455592647324,0.23880525202419833,0.31289809275419245,-1.05194899772067,-0.20078560139672563,-0.17869015572825556,0.6980115022388161,1.2564583800908025,1.2970083232454344,0.8171691277326653,0.2495707567158475,-3.1428091813506613,-0.7785698534263787,-0.6847917335844262,0.2616372779216666,P62937
-0.24934638790029648,0.8041239501805957,-1.7223696241703121,-0.7667004546258501,-0.8541293369926153,-1.141010813740323,0.764793201532422,1.4275481101173784,0.3175835127825407,-0.5956793759988913,0.18098738515860568,0.1670204550771453,-0.547602669355001,-0.0795666340757542,1.6667800177754826,0.15334193009974043,0.5700445989545642,0.5993836563708721,1.5866927913789124,0.5410499584904349,0.8539192074255828,P10720
0.9765678258604404,0.6189985840975528,-2.1145398956083263,-0.12439091760790202,-0.1920783028069162,-1.202617243422836,0.5847789792366535,-0.3257423714096552,-0.8359310700304888,-0.00542659978511861,-0.5826063823123294,-2.500893434685979,-1.5704138585554768,0.7276989796974138,-0.6353715792069098,-0.36674905994952756,1.2017989087319105,1.3253535640319105,-0.17183787817285973,0.34915976608103705,-1.3948829000129577,P48740
-1.1609737849330792,0.2267943101369473,-0.3321494117294056,-0.8343984138131073,0.1869361589141996,1.3006901689969654,-0.4834670257467066,0.1367163864748797,0.3829042619622547,2.377133081027671,1.4082113902062068,-0.7689190288304195,-0.022590710249871967,-0.982564922458176,0.6861289030467105,1.8965340076224635,-0.5786441065248313,-1.9881280208255816,0.5302150954356265,-0.9172550715407087,-0.2336351735057757,P25311
0.43044254713204994,0.3647320414866125,0.04307595781482663,0.0016634676050365218,0.26322518480745366,0.2008753577292636,-0.18994574139335837,1.090899681069704,-1.3163652240826824,0.08692093443403674,-1.7790821317243757,-0.3897867434816187,-0.9220892702540003,0.078491506509108,-0.3659818442375601,3.333002366873963,0.5047166891838423,-0.14902295563812618,0.7043172264933534,0.9866733451224057,0.3673386761255999,P43652
0.5163835843185679,2.3952010022911376,-0.5333463592822544,-2.0943018031342864,-1.7764884768530627,1.7051787868994934,1.1332797845851792,-0.919869490665503,1.5565620691108397,-1.4564711942055248,-1.7529565291252265,-0.6130946069923263,0.3005895980984326,1.5710419329563525,0.007955882405572559,-0.5716873807982851,-1.6485459799623665,1.1424731078089283,1.2547492124817834,0.25700167174616584,0.31251867173814396,Q9Y490
-0.18339741323072636,1.000635540285535,-0.8175983153865475,0.6551215361001705,-1.3290770012326965,-1.4267025049245474,0.5252474069384858,0.6591666286282908,-0.1637539721072311,1.405190775685527,-1.498897559864528,-1.218101636176973,0.41846964904102574,-0.04828764782326638,-0.17969658951301318,-0.8653610594433457,0.33620624028402557,0.7141609719053307,-0.23382525101787038,0.4058052742593996,0.5974648869936698,P05106
0.5649220793122438,1.8594149629949086,1.5775561338597879,-0.29025495695044534,0.462073585645263,-1.0943546615573496,0.8246871600357385,-1.0664694847777043,-0.5340543055608619,-0.8383085205751774,-2.0764775435710807,-1.4471496884136903,0.5105381990836729,0.7607810075926813,1.8951667159319552,-0.300628373957239,-1.7722874986680657,-0.675974497834555,0.6039940272119797,1.257646430230677,-2.0374662478726644,P18206
-2.5969823661089824,0.2549504005297033,2.4493252904365566,-0.48710840834363917,-0.5532695583047622,0.6033002743547986,0.2489780803250359,-1.2272123006779796,0.588732276684922,-0.882173908164047,1.284037437873748,-0.7782172179711965,0.14204243861229046,-0.07712458463445256,1.5598220715499558,0.6818304862676524,-0.3781833064184573,0.35441638520928676,-0.7998130321732343,-0.1664835151654988,0.9317823130235542,P02788
-0.8741572975741212,0.5045522627027408,1.021745793095848,-0.33377064605095524,0.19615356223952016,0.0938788731257634,-0.4050045467668845,-0.5376450201493939,1.1690715577274429,-0.30446512109215357,-0.9523682791175735,0.41323387023214087,0.17757205321091274,0.848799721091627,-1.4916429196405467,0.5848946993897953,-2.320290935932581,1.128457481030979,1.6248600246315683,-2.284192025614024,1.6181433069673974,P06702
0.004059407229949989,-0.19786059290765842,-0.43844513752817005,-1.3148115210274436,0.20935358787903613,-0.8955768515743371,-0.025804080276758158,0.3919380436484124,0.9138594386028258,0.07681415491620822,-0.4898320933421479,-0.022192752696185824,-0.7228185723391483,-1.0960469166582152,1.693159698489049,0.35009565196102227,0.14429894907201501,0.9809076599487783,1.032638969576064,0.4589533688834724,0.9458043726144787,Q96PD5
0.5362241940737807,-0.36789840991197964,0.8884350523772997,-2.6412031072323456,1.0566314487083304,-0.6545687050638206,0.46298074200609807,-1.2257794204964156,1.596407261284541,-1.2514151215561131,-1.5569676908506935,-0.8432185654017287,0.8148650387136277,-0.12386360831562701,1.3567515700012505,0.014380533987355674,0.9980446137883143,0.37708714013849326,0.006699437472912847,-1.1861659997908656,0.05587450473816943,Q9UGM5
-1.9286887322211894,0.17231665684736722,0.2273346227885356,-2.3109630831453374,3.097744681055657,-0.7982989982314909,-2.193162493015827,-0.36179743165011424,-1.3924388404923944,-0.22084149201200204,2.5308125283968987,-0.08436298496677816,-0.290428080845015,-0.8707362898380584,1.0702291494182306,0.2615341805077089,0.7518945494518271,-0.46711967919320324,2.1110408915603105,-0.19385583448969468,1.1180834768098378,O00391
1.1798985382210698,2.186064437554053,0.9396192618687056,-0.941263186399708,-0.693515961462965,0.6901398542685345,-0.5938640649137655,-0.8181252219119662,-0.15291828793812,0.3448924388352157,-0.5629074798750101,-1.1145039237589214,-0.3511555883822541,0.1775177549043945,0.07532315858537986,-0.49727467454302327,-0.7774038884970494,-0.822349078226293,0.3049054577004699,-0.30750572660863995,0.5647401402211962,P11142
-1.1511994597004045,-0.049772421217904005,1.0268151188315424,-0.46891382853330005,-0.8401501917664307,-0.46583842031651895,0.05611598498419563,1.7806545218682737,-0.12307220390506622,0.7038615979993504,-0.3030450532084434,1.51518134490956,0.3264686697279799,0.7565612216698644,-0.244291426343007,1.315942609848896,2.246811847333046,0.646513555386452,-0.41120164807757154,0.9950316308812837,0.9809208818562158,P14618
-0.80215407433429,0.9424692752577931,0.8152512630113605,1.151488714275748,0.3511528725034918,0.5817085372426968,-2.017535933580013,0.2019516091665025,-0.9573421931298878,0.014653018350008866,-0.21104487114936366,1.8559540249840618,-1.1238137494375207,-1.1933764722727755,-1.7598909110554717,-0.22680170696620017,-0.5307164025325034,0.9332353842052544,0.2047098309693855,-1.7764628105042934,0.012184418920796757,P23142
-1.6172661259398389,-0.9362072329118145,-1.45078377818981,-0.36059095708163297,0.6518075401167596,0.9167291340874005,1.4345155470301725,0.5258093221258746,-0.4582276808895392,1.4904667787548176,-0.16405144748529643,0.8954537789735475,1.3060084832106729,-0.5523987689103274,0.9908946427564929,0.7673394688958965,0.44872307581069143,2.121571143373317,-0.19800424113073217,-1.0683295400153323,0.024216204940871875,P68366
-0.080615313795429,0.5458221698782828,-1.1971398702193305,1.194316626272075,-0.5736062034668499,-0.00127002086277644,-1.1890766564734356,1.0713434229217977,-0.5381754744320447,-0.5591918984328057,0.5918785018566953,-0.7936440473963289,0.12960865124287713,-0.9079206591385186,-0.5546296406700839,-0.06905571134832653,-0.5799374395786124,0.05653033627711413,0.15991709390436193,-0.8646923054087957,0.11978908608513181,P12814
-0.5868347649613824,0.5486327383727609,0.542396834200735,1.705145460460531,0.31275253791300195,0.0009651937068620419,-1.6025133001126366,2.2111229198134548,0.8418094134478358,-0.08706169488496329,-0.15301554192682273,-0.3961582164211135,0.9854687925138484,0.6397683262008672,-1.6251902580120705,-0.6230441447316133,-0.12775068805564138,0.060991250885166305,-0.28253572364118773,2.4962983377613464,-0.19172020643461912,P61224
-0.04564763636587749,-1.0700114993633718,1.7718159131324531,-1.3007862072692993,1.7818946603278512,1.1856609918161654,-2.293471310181138,-0.1231588919591323,-0.1727429273497017,-1.5937573054340954,0.8956063147678035,-0.014390055491124742,-1.2016597129210542,0.8226028021408481,-0.6134452459515944,-1.3755674355888505,-0.2249896169694025,-0.8041305960371384,-0.1753573331884046,-1.280712886328504,-0.2878792379053455,Q13201
0.21056492317386008,0.44176627264974094,0.0011337332579989612,1.5343465485972698,-1.155966581076052,0.38650964146159383,0.8299089021357543,-0.7315520542262961,-0.33813439705356774,-0.6875800310891282,-0.9983756427624275,1.212406995857245,1.4270186006255883,-0.7548317631038062,-0.34179614760744303,0.06261495076681015,0.4987908162743234,-0.06400563694574489,-1.436210253674747,-0.9530588743143336,-0.19225793780271616,P67936
1.48605788166675,-1.3395508162962693,-0.6980686655944244,-0.5242332531883668,0.5416773566730415,0.04946642947219695,-1.3879138343458088,0.03577975746661829,-1.384455635664614,0.3251179573700002,0.7227473993505337,-1.3693542770154892,-0.4333202631456291,0.4018139379987187,-1.9979843441824574,0.7714727645584726,0.612410729452534,0.37538302799427564,-0.0382429956522152,-0.42780949657322653,1.1103439855934376,P01034
-0.24788409027967714,-0.00027328270328692253,-2.150268478563549,0.6244140911358892,-0.037133297455916904,-1.6608887436557611,-0.12331591170464838,1.171284285860526,0.2862623390494033,-0.5595697665441014,-0.7341943221661894,0.17907830666927113,0.9471460020093285,-0.17729056145257832,0.0739742688760657,0.1766468378813137,-0.15430547983619863,0.5201880565180305,-0.4052256797927758,2.200109486632668,0.08844608965963117,P81605
-0.9043281832979547,0.330335437486334,1.0282647542356018,1.4372640407795552,-0.8522734680710303,-0.5090679317885863,0.3466839652493205,1.8700759641670774,1.7135728775991084,-0.9285869340155438,-0.7543212618184315,0.6700482020889271,0.9883609067426318,-0.19347922238867837,0.2779652090037473,0.46462832953648964,0.653954515112181,-0.7039853919873141,1.143915839288541,0.7279306288700929,1.5584569289857448,P11226
0.7983765648671118,0.6928239221498786,-0.4908115201421384,0.226246643515602,-0.8238306157529067,-0.6719866289861577,-1.2429311002025845,-0.8843782933374259,0.21997936474573032,-1.2796822823218548,-2.260967399846903,0.3681961861070634,-0.5211809579097936,-0.545948341924036,0.15372989130842174,2.503278561652146,-0.04121368267440124,0.4347906527907863,0.909109170510034,1.1629422993021128,0.6253570054464281,P39039
